{
  "n": 600,
  "mean_car": 0.0008451956083653792,
  "std_car": 0.018586113323822425,
  "t_stat": 1.1138950555535547,
  "p_value": 0.26577096955393853
}