n_events,n_regular_hours,mean_total_log_return,mean_post_minus_pre,mean_vol_post_minus_pre,sentiment_compound_mean,sentiment_compound_std
300,107,-0.0018077940588476467,0.0020983653108863328,-0.0015443951461014303,0.2182336666666667,0.5429977823207381
