n_events,n_regular_hours,mean_total_log_return,mean_post_minus_pre,mean_vol_post_minus_pre,sentiment_compound_mean,sentiment_compound_std
300,107,-0.0017154967512392635,0.0021642668534681006,-0.0014613673641397883,0.2182336666666667,0.5429977823207381
